{
    "Events": [
        {
            "Delta": 0,
            "EventType": "MouseDown",
            "Timestamp": 1930,
            "X": 62.45000076293945,
            "Y": 43
        },
        {
            "Delta": 0,
            "EventType": "MouseUp",
            "Timestamp": 2110,
            "X": 62.45000076293945,
            "Y": 43
        }
    ]
}
