{
    "Events": [
        {
            "Delta": 0,
            "EventType": "MouseDown",
            "Timestamp": 910,
            "X": 47.43000030517578,
            "Y": 59.220001220703125
        },
        {
            "Delta": 0,
            "EventType": "MouseUp",
            "Timestamp": 1094,
            "X": 47.43000030517578,
            "Y": 59.220001220703125
        }
    ]
}
