{
    "Events": [
        {
            "Delta": 0,
            "EventType": "MouseDown",
            "Timestamp": 1765,
            "X": 40.900001525878906,
            "Y": 19.329999923706055
        },
        {
            "Delta": 0,
            "EventType": "MouseUp",
            "Timestamp": 1984,
            "X": 40.900001525878906,
            "Y": 19.329999923706055
        }
    ]
}
