{
    "Events": [
        {
            "Delta": 0,
            "EventType": "MouseDown",
            "Timestamp": 808,
            "X": 55.91999816894531,
            "Y": 34.880001068115234
        },
        {
            "Delta": 0,
            "EventType": "MouseUp",
            "Timestamp": 944,
            "X": 55.91999816894531,
            "Y": 34.880001068115234
        }
    ]
}
