{
    "Events": [
        {
            "Delta": 0,
            "EventType": "MouseDown",
            "Timestamp": 2021,
            "X": 35.56999969482422,
            "Y": 52.880001068115234
        },
        {
            "Delta": 0,
            "EventType": "MouseUp",
            "Timestamp": 2145,
            "X": 35.56999969482422,
            "Y": 52.880001068115234
        }
    ]
}
