{
    "Events": [
        {
            "EventType": "UiRecentApps",
            "Timestamp": 2157
        },
        {
            "Delta": 0,
            "EventType": "MouseDown",
            "Timestamp": 4712,
            "X": 87.54000091552734,
            "Y": 4.659999847412109
        },
        {
            "Delta": 0,
            "EventType": "MouseMove",
            "Timestamp": 5034,
            "X": 87.54000091552734,
            "Y": 4.659999847412109
        },
        {
            "Delta": 0,
            "EventType": "MouseUp",
            "Timestamp": 5621,
            "X": 87.54000091552734,
            "Y": 4.659999847412109
        }
    ]
}
