{
    "Events": [
        {
            "Delta": 0,
            "EventType": "MouseDown",
            "Timestamp": 1424,
            "X": 19.559999465942383,
            "Y": 20.110000610351562
        },
        {
            "Delta": 0,
            "EventType": "MouseUp",
            "Timestamp": 1515,
            "X": 19.559999465942383,
            "Y": 20.110000610351562
        },
        {
            "Delta": 0,
            "EventType": "MouseDown",
            "Timestamp": 6045,
            "X": 25.489999771118164,
            "Y": 10.65999984741211
        },
        {
            "Delta": 0,
            "EventType": "MouseUp",
            "Timestamp": 6134,
            "X": 25.489999771118164,
            "Y": 10.65999984741211
        }
    ]
}
